{
    "Version": 8,
    "Theme": 0,
    "CamMoveSpeed": 4.099999904632568,
    "CamScrollSpeed": 30.700000762939453,
    "CamTurnSpeed": 21.700000762939453,
    "ClearColor": {
        "r": 0.5784313678741455,
        "g": 0.8016147613525391,
        "b": 1.0,
        "a": 1.0
    },
    "OutlineColor": {
        "r": 1.0,
        "g": 0.0,
        "b": 0.0,
        "a": 1.0
    },
    "Snap Settings": {
        "Move": [
            1.0,
            1.0,
            1.0
        ],
        "Rotate": [
            45.0,
            45.0,
            45.0
        ],
        "Scale": [
            0.5,
            0.5,
            0.5
        ],
        "Snap Toggle": false
    },
    "Debug Drawer Toggle": false,
    "Open Windows": [
        10,
        5,
        7,
        2,
        8,
        3,
        0,
        1,
        4
    ],
    "IP": "10.250.224.168",
    "Username": "fatcat",
    "ChatColor": "FE8FFF"
}