{
    "Version": 8,
    "Theme": 0,
    "CamMoveSpeed": 1.2999999523162842,
    "CamScrollSpeed": 30.700000762939453,
    "CamTurnSpeed": 21.700000762939453,
    "ClearColor": {
        "r": 0.4173394739627838,
        "g": 0.6533911824226379,
        "b": 0.8186274766921997,
        "a": 1.0
    },
    "OutlineColor": {
        "r": 1.0,
        "g": 0.0,
        "b": 0.0,
        "a": 1.0
    },
    "Snap Settings": {
        "Move": [
            1.0,
            1.0,
            1.0
        ],
        "Rotate": [
            45.0,
            45.0,
            45.0
        ],
        "Scale": [
            0.5,
            0.5,
            0.5
        ],
        "Snap Toggle": false
    },
    "Debug Drawer Toggle": false,
    "Open Windows": [
        6,
        7,
        10,
        1,
        4,
        5,
        3,
        0,
        2
    ],
    "IP": "10.250.224.168",
    "Username": "fatcat",
    "ChatColor": "FE8FFF"
}