{"nodes":{"node:4753":{"location":{"x":1168,"y":-38}},"node:4764":{"location":{"x":976,"y":-22}},"node:4796":{"location":{"x":1168,"y":-38}},"node:4807":{"location":{"x":976,"y":-22}}},"selection":null,"view":{"scroll":{"x":2342.806396484375,"y":-328.8026123046875},"visible_rect":{"max":{"x":1427.9227294921875,"y":146.478973388671875},"min":{"x":937.12261962890625,"y":-131.52105712890625}},"zoom":2.4999997615814209}}